703,ser rf
687,ser rf
730,ser rf
647,ser rf
645,ser rf
649,ser rf
667,ser rf
689,ser rf
675,ser rf
758,ser rf
681,ser rf
670,ser rf
715,ser rf
705,ser rf
725,ser rf
711,ser rf
698,ser rf
649,ser rf
710,ser rf
696,ser rf
784,ser rf
694,ser rf
703,ser rf
687,ser rf
730,ser rf
647,ser rf
645,ser rf
649,ser rf
667,ser rf
689,ser rf
675,ser rf
758,ser rf
681,ser rf
670,ser rf
715,ser rf
705,ser rf
725,ser rf
711,ser rf
698,ser rf
649,ser rf
710,ser rf
696,ser rf
784,ser rf
694,ser rf
698,ser rf
712,ser rf
718,ser rf
680,ser rf
714,ser rf
694,ser rf
698,ser rf
750,ser rf
740,ser rf
680,ser rf
728,ser rf
685,ser rf
725,ser rf
770,ser rf
784,ser rf
720,ser rf
688,ser rf
694,ser rf
674,ser rf
637,ser rf
695,ser rf
667,ser rf
673,ser rf
647,ser rf
790,ser rf
705,ser rf
714,ser rf
714,ser rf
671,ser rf
653,ser rf
736,ser rf
677,ser rf
762,ser rf
742,ser rf
685,ser rf
802,ser rf
707,ser rf
764,ser rf
699,ser rf
637,ser rf
692,ser rf
681,ser rf
724,ser rf
718,ser rf
676,ser rf
659,ser rf
786,ser rf
696,ser rf
705,ser rf
711,ser rf
752,ser rf
710,ser rf
714,ser pb
768,ser pb
657,ser pb
699,ser pb
631,ser pb
641,ser pb
714,ser pb
668,ser pb
724,ser pb
685,ser pb
805,ser pb
788,ser pb
725,ser pb
730,ser pb
724,ser pb
680,ser pb
722,ser pb
611,ser pb
669,ser pb
740,ser pb
668,ser pb
768,ser pb
716,ser pb
722,ser pb
643,ser pb
694,ser pb
714,ser pb
768,ser pb
657,ser pb
699,ser pb
631,ser pb
641,ser pb
714,ser pb
668,ser pb
724,ser pb
685,ser pb
805,ser pb
788,ser pb
725,ser pb
730,ser pb
724,ser pb
680,ser pb
722,ser pb
611,ser pb
669,ser pb
740,ser pb
668,ser pb
768,ser pb
716,ser pb
722,ser pb
643,ser pb
694,ser pb
728,ser pb
726,ser pb
665,ser pb
645,ser pb
726,ser pb
655,ser pb
780,ser pb
722,ser pb
673,ser pb
818,ser pb
675,ser pb
726,ser pb
681,ser pb
637,ser pb
688,ser pb
675,ser pb
692,ser pb
716,ser pb
636,ser pb
663,ser pb
774,ser pb
710,ser pb
721,ser pb
683,ser pb
794,ser pb
690,ser pb
688,ser pb
716,ser pb
656,ser pb
694,ser pb
692,ser pb
688,ser pb
698,ser pb
792,ser pb
766,ser pb
712,ser pb
750,ser pb
687,ser pb
725,ser pb
768,ser pb
774,ser pb
770,ser pb
694,ser pb
