468,ski rf
490,ski rf
502,ski rf
512,ski rf
492,ski rf
514,ski rf
460,ski rf
491,ski rf
502,ski rf
450,ski rf
478,ski rf
522,ski rf
516,ski rf
504,ski rf
490,ski rf
500,ski rf
503,ski rf
440,ski rf
500,ski rf
472,ski rf
444,ski rf
484,ski rf
476,ski rf
480,ski rf
482,ski rf
438,ski rf
222,ski rf
208,ski rf
216,ski rf
232,ski rf
242,ski rf
220,ski rf
218,ski rf
196,ski rf
208,ski rf
192,ski rf
196,ski rf
178,ski rf
232,ski rf
218,ski rf
220,ski rf
222,ski rf
236,ski rf
210,ski rf
488,ski rf
461,ski rf
464,ski rf
464,ski rf
469,ski rf
515,ski rf
536,ski rf
470,ski rf
477,ski rf
490,ski rf
531,ski rf
529,ski rf
468,ski rf
426,ski rf
494,ski rf
508,ski rf
444,ski rf
514,ski rf
488,ski rf
473,ski rf
518,ski rf
520,ski rf
478,ski rf
484,ski rf
434,ski rf
494,ski rf
446,ski rf
454,ski rf
504,ski rf
508,ski rf
488,ski rf
498,ski rf
506,ski rf
478,ski rf
458,ski rf
480,ski rf
440,ski rf
516,ski rf
460,ski rf
496,ski rf
452,ski rf
500,ski rf
460,ski rf
460,ski rf
548,ski rf
538,ski rf
456,ski rf
480,ski rf
445,ski rf
466,ski rf
467,ski rf
472,ski rf
438,ski pb
464,ski pb
482,ski pb
502,ski pb
508,ski pb
478,ski pb
522,ski pb
482,ski pb
482,ski pb
480,ski pb
460,ski pb
516,ski pb
480,ski pb
510,ski pb
478,ski pb
492,ski pb
484,ski pb
412,ski pb
528,ski pb
526,ski pb
452,ski pb
448,ski pb
472,ski pb
498,ski pb
482,ski pb
471,ski pb
438,ski pb
464,ski pb
482,ski pb
502,ski pb
508,ski pb
478,ski pb
522,ski pb
482,ski pb
482,ski pb
480,ski pb
460,ski pb
516,ski pb
480,ski pb
510,ski pb
478,ski pb
492,ski pb
484,ski pb
412,ski pb
528,ski pb
526,ski pb
452,ski pb
448,ski pb
472,ski pb
498,ski pb
482,ski pb
471,ski pb
468,ski pb
454,ski pb
434,ski pb
474,ski pb
474,ski pb
533,ski pb
519,ski pb
480,ski pb
478,ski pb
473,ski pb
559,ski pb
508,ski pb
461,ski pb
433,ski pb
508,ski pb
478,ski pb
432,ski pb
524,ski pb
476,ski pb
496,ski pb
528,ski pb
508,ski pb
485,ski pb
470,ski pb
442,ski pb
506,ski pb
480,ski pb
482,ski pb
514,ski pb
536,ski pb
518,ski pb
478,ski pb
454,ski pb
491,ski pb
482,ski pb
432,ski pb
518,ski pb
506,ski pb
476,ski pb
462,ski pb
492,ski pb
502,ski pb
522,ski pb
